sku_key,sku_id,sku_name,category,unit_cost
1,SKU-0001,Chemicals Item 1,Chemicals,1491.98
2,SKU-0002,Packaging Item 2,Packaging,70.07
3,SKU-0003,Auto Parts Item 3,Auto Parts,872.79
4,SKU-0004,Auto Parts Item 4,Auto Parts,2588.18
5,SKU-0005,Chemicals Item 5,Chemicals,2031.13
6,SKU-0006,Electronics Item 6,Electronics,8028.79
7,SKU-0007,Auto Parts Item 7,Auto Parts,4569.86
8,SKU-0008,Food Item 8,Food,182.97
9,SKU-0009,Textiles Item 9,Textiles,2588.23
10,SKU-0010,Packaging Item 10,Packaging,67.61
11,SKU-0011,Food Item 11,Food,305.41
12,SKU-0012,Packaging Item 12,Packaging,42.47
13,SKU-0013,Chemicals Item 13,Chemicals,854.6
14,SKU-0014,Textiles Item 14,Textiles,2539.39
15,SKU-0015,Packaging Item 15,Packaging,179.38
16,SKU-0016,Textiles Item 16,Textiles,1858.85
17,SKU-0017,Pharma Item 17,Pharma,266.93
18,SKU-0018,Pharma Item 18,Pharma,646.96
19,SKU-0019,Textiles Item 19,Textiles,2960.1
20,SKU-0020,Auto Parts Item 20,Auto Parts,3407.26
21,SKU-0021,Food Item 21,Food,183.04
22,SKU-0022,Chemicals Item 22,Chemicals,3360.58
23,SKU-0023,Textiles Item 23,Textiles,739.17
24,SKU-0024,Textiles Item 24,Textiles,865.67
25,SKU-0025,Textiles Item 25,Textiles,2194.91
26,SKU-0026,Pharma Item 26,Pharma,1655.28
27,SKU-0027,Packaging Item 27,Packaging,134.3
28,SKU-0028,Packaging Item 28,Packaging,151.24
29,SKU-0029,Electronics Item 29,Electronics,14943.29
30,SKU-0030,Textiles Item 30,Textiles,2971.71
31,SKU-0031,Pharma Item 31,Pharma,1751.59
32,SKU-0032,Electronics Item 32,Electronics,21169.2
33,SKU-0033,Auto Parts Item 33,Auto Parts,9405.11
34,SKU-0034,Food Item 34,Food,130.17
35,SKU-0035,Food Item 35,Food,331.77
36,SKU-0036,Chemicals Item 36,Chemicals,1704.83
37,SKU-0037,Electronics Item 37,Electronics,27567.81
38,SKU-0038,Packaging Item 38,Packaging,177.75
39,SKU-0039,Textiles Item 39,Textiles,874.09
40,SKU-0040,Chemicals Item 40,Chemicals,2280.34
41,SKU-0041,Pharma Item 41,Pharma,1201.24
42,SKU-0042,Textiles Item 42,Textiles,677.0
43,SKU-0043,Pharma Item 43,Pharma,1447.28
44,SKU-0044,Textiles Item 44,Textiles,2316.94
45,SKU-0045,Chemicals Item 45,Chemicals,4540.2
46,SKU-0046,Chemicals Item 46,Chemicals,2128.98
47,SKU-0047,Electronics Item 47,Electronics,16266.74
48,SKU-0048,Food Item 48,Food,314.52
49,SKU-0049,Auto Parts Item 49,Auto Parts,2028.07
50,SKU-0050,Pharma Item 50,Pharma,483.96
51,SKU-0051,Pharma Item 51,Pharma,1113.18
52,SKU-0052,Food Item 52,Food,184.67
53,SKU-0053,Packaging Item 53,Packaging,199.3
54,SKU-0054,Packaging Item 54,Packaging,65.25
55,SKU-0055,Packaging Item 55,Packaging,174.94
56,SKU-0056,Food Item 56,Food,288.1
57,SKU-0057,Food Item 57,Food,288.6
58,SKU-0058,Packaging Item 58,Packaging,155.16
59,SKU-0059,Auto Parts Item 59,Auto Parts,7978.77
60,SKU-0060,Food Item 60,Food,152.73
61,SKU-0061,Electronics Item 61,Electronics,14704.26
62,SKU-0062,Pharma Item 62,Pharma,2202.05
63,SKU-0063,Textiles Item 63,Textiles,2924.1
64,SKU-0064,Auto Parts Item 64,Auto Parts,2800.9
65,SKU-0065,Food Item 65,Food,354.68
66,SKU-0066,Textiles Item 66,Textiles,2572.51
67,SKU-0067,Packaging Item 67,Packaging,129.61
68,SKU-0068,Electronics Item 68,Electronics,12469.59
69,SKU-0069,Electronics Item 69,Electronics,17102.61
70,SKU-0070,Auto Parts Item 70,Auto Parts,11131.26
71,SKU-0071,Food Item 71,Food,259.63
72,SKU-0072,Chemicals Item 72,Chemicals,587.65
73,SKU-0073,Textiles Item 73,Textiles,2672.55
74,SKU-0074,Auto Parts Item 74,Auto Parts,9835.88
75,SKU-0075,Electronics Item 75,Electronics,3621.9
76,SKU-0076,Packaging Item 76,Packaging,190.45
77,SKU-0077,Food Item 77,Food,306.17
78,SKU-0078,Auto Parts Item 78,Auto Parts,1575.18
79,SKU-0079,Auto Parts Item 79,Auto Parts,6766.31
80,SKU-0080,Electronics Item 80,Electronics,5594.96
81,SKU-0081,Chemicals Item 81,Chemicals,4760.82
82,SKU-0082,Electronics Item 82,Electronics,9421.59
83,SKU-0083,Auto Parts Item 83,Auto Parts,7593.85
84,SKU-0084,Electronics Item 84,Electronics,28009.58
85,SKU-0085,Auto Parts Item 85,Auto Parts,8975.23
86,SKU-0086,Electronics Item 86,Electronics,21962.57
87,SKU-0087,Chemicals Item 87,Chemicals,4978.17
88,SKU-0088,Pharma Item 88,Pharma,996.21
89,SKU-0089,Packaging Item 89,Packaging,101.27
90,SKU-0090,Electronics Item 90,Electronics,8291.53
91,SKU-0091,Textiles Item 91,Textiles,356.79
92,SKU-0092,Packaging Item 92,Packaging,61.42
93,SKU-0093,Electronics Item 93,Electronics,2201.34
94,SKU-0094,Pharma Item 94,Pharma,1614.65
95,SKU-0095,Electronics Item 95,Electronics,3887.21
96,SKU-0096,Food Item 96,Food,350.87
97,SKU-0097,Food Item 97,Food,229.95
98,SKU-0098,Textiles Item 98,Textiles,2106.24
99,SKU-0099,Electronics Item 99,Electronics,17098.55
100,SKU-0100,Pharma Item 100,Pharma,2345.23
101,SKU-0101,Packaging Item 101,Packaging,123.72
102,SKU-0102,Electronics Item 102,Electronics,23969.34
103,SKU-0103,Auto Parts Item 103,Auto Parts,5359.07
104,SKU-0104,Food Item 104,Food,83.93
105,SKU-0105,Chemicals Item 105,Chemicals,2094.34
106,SKU-0106,Chemicals Item 106,Chemicals,2601.61
107,SKU-0107,Pharma Item 107,Pharma,230.01
108,SKU-0108,Pharma Item 108,Pharma,2462.0
109,SKU-0109,Food Item 109,Food,71.21
110,SKU-0110,Pharma Item 110,Pharma,914.33
111,SKU-0111,Auto Parts Item 111,Auto Parts,2023.81
112,SKU-0112,Electronics Item 112,Electronics,7325.85
113,SKU-0113,Chemicals Item 113,Chemicals,1130.82
114,SKU-0114,Electronics Item 114,Electronics,9799.26
115,SKU-0115,Electronics Item 115,Electronics,26485.61
116,SKU-0116,Food Item 116,Food,205.1
117,SKU-0117,Auto Parts Item 117,Auto Parts,10386.83
118,SKU-0118,Food Item 118,Food,67.71
119,SKU-0119,Packaging Item 119,Packaging,170.48
120,SKU-0120,Food Item 120,Food,374.23
121,SKU-0121,Auto Parts Item 121,Auto Parts,3447.45
122,SKU-0122,Chemicals Item 122,Chemicals,2685.39
123,SKU-0123,Electronics Item 123,Electronics,26210.21
124,SKU-0124,Food Item 124,Food,107.62
125,SKU-0125,Food Item 125,Food,394.86
126,SKU-0126,Textiles Item 126,Textiles,2801.6
127,SKU-0127,Auto Parts Item 127,Auto Parts,5896.09
128,SKU-0128,Chemicals Item 128,Chemicals,3634.66
129,SKU-0129,Pharma Item 129,Pharma,2489.01
130,SKU-0130,Packaging Item 130,Packaging,139.14
131,SKU-0131,Chemicals Item 131,Chemicals,1196.59
132,SKU-0132,Textiles Item 132,Textiles,887.79
133,SKU-0133,Food Item 133,Food,252.71
134,SKU-0134,Packaging Item 134,Packaging,30.97
135,SKU-0135,Textiles Item 135,Textiles,454.35
136,SKU-0136,Packaging Item 136,Packaging,105.82
137,SKU-0137,Auto Parts Item 137,Auto Parts,6748.61
138,SKU-0138,Food Item 138,Food,386.27
139,SKU-0139,Food Item 139,Food,347.97
140,SKU-0140,Food Item 140,Food,258.26
141,SKU-0141,Pharma Item 141,Pharma,2168.37
142,SKU-0142,Chemicals Item 142,Chemicals,1039.49
143,SKU-0143,Packaging Item 143,Packaging,64.32
144,SKU-0144,Packaging Item 144,Packaging,27.15
145,SKU-0145,Food Item 145,Food,196.73
146,SKU-0146,Packaging Item 146,Packaging,121.74
147,SKU-0147,Textiles Item 147,Textiles,2823.71
148,SKU-0148,Electronics Item 148,Electronics,20752.33
149,SKU-0149,Textiles Item 149,Textiles,944.45
150,SKU-0150,Chemicals Item 150,Chemicals,1088.95
151,SKU-0151,Pharma Item 151,Pharma,819.99
152,SKU-0152,Textiles Item 152,Textiles,2808.35
153,SKU-0153,Food Item 153,Food,53.26
154,SKU-0154,Packaging Item 154,Packaging,199.72
155,SKU-0155,Food Item 155,Food,75.64
156,SKU-0156,Electronics Item 156,Electronics,16164.77
157,SKU-0157,Electronics Item 157,Electronics,28131.26
158,SKU-0158,Food Item 158,Food,357.74
159,SKU-0159,Textiles Item 159,Textiles,1069.47
160,SKU-0160,Chemicals Item 160,Chemicals,4251.85
161,SKU-0161,Pharma Item 161,Pharma,826.04
162,SKU-0162,Auto Parts Item 162,Auto Parts,8124.53
163,SKU-0163,Food Item 163,Food,283.75
164,SKU-0164,Packaging Item 164,Packaging,73.89
165,SKU-0165,Pharma Item 165,Pharma,348.61
166,SKU-0166,Electronics Item 166,Electronics,9405.05
167,SKU-0167,Food Item 167,Food,309.85
168,SKU-0168,Electronics Item 168,Electronics,9625.75
169,SKU-0169,Packaging Item 169,Packaging,57.91
170,SKU-0170,Textiles Item 170,Textiles,849.71
171,SKU-0171,Pharma Item 171,Pharma,2146.99
172,SKU-0172,Packaging Item 172,Packaging,107.94
173,SKU-0173,Auto Parts Item 173,Auto Parts,1368.95
174,SKU-0174,Pharma Item 174,Pharma,1116.58
175,SKU-0175,Textiles Item 175,Textiles,419.03
176,SKU-0176,Textiles Item 176,Textiles,2382.02
177,SKU-0177,Pharma Item 177,Pharma,2451.52
178,SKU-0178,Electronics Item 178,Electronics,22754.47
179,SKU-0179,Packaging Item 179,Packaging,147.02
180,SKU-0180,Packaging Item 180,Packaging,21.74
181,SKU-0181,Food Item 181,Food,380.77
182,SKU-0182,Pharma Item 182,Pharma,2269.43
183,SKU-0183,Packaging Item 183,Packaging,26.49
184,SKU-0184,Textiles Item 184,Textiles,1872.78
185,SKU-0185,Electronics Item 185,Electronics,14034.03
186,SKU-0186,Food Item 186,Food,157.89
187,SKU-0187,Auto Parts Item 187,Auto Parts,11688.6
188,SKU-0188,Food Item 188,Food,364.62
189,SKU-0189,Electronics Item 189,Electronics,21097.87
190,SKU-0190,Pharma Item 190,Pharma,346.7
191,SKU-0191,Auto Parts Item 191,Auto Parts,7070.7
192,SKU-0192,Auto Parts Item 192,Auto Parts,5351.43
193,SKU-0193,Packaging Item 193,Packaging,154.91
194,SKU-0194,Electronics Item 194,Electronics,26208.96
195,SKU-0195,Auto Parts Item 195,Auto Parts,9880.64
196,SKU-0196,Chemicals Item 196,Chemicals,611.54
197,SKU-0197,Pharma Item 197,Pharma,2318.77
198,SKU-0198,Auto Parts Item 198,Auto Parts,11225.14
199,SKU-0199,Auto Parts Item 199,Auto Parts,8302.96
200,SKU-0200,Pharma Item 200,Pharma,2045.8
